Products Collection ID,Product ID,Variants Collection ID,Variant ID,Product Handle,Product Name,Product Type,Product Description,Product Categories,Main Variant Image,More Variant Images,Variant Price,Variant Compare-at Price,Product Tax Class,Variant Sku,Variant Inventory,Requires Shipping,Variant Weight,Variant Width,Variant Height,Variant Length,Variant Download Name,Variant Download URL,Option1 Name,Option1 Value,Option2 Name,Option2 Value,Option3 Name,Option3 Value,Created On,Updated On,Published On
6820c4f8d9b8934078f1ab06,6820c4f8d9b8934078f1ab93,6820c4f8d9b8934078f1ab07,6820c4f8d9b8934078f1aba4,drink-fig-lime,Colored Baseball Cap,Advanced,Lorem Ipsum is simply dummy text of the printing and typesetting industry.,Office & Stationery,https://cdn.prod.website-files.com/6820c4f8d9b8934078f1ab08/68339864ba80cc812fb1d349_Render_Mockup_1920_1920_2025-05-26%20(1).jpg,,$4.00,,standard-taxable,,,true,,,,,,,,,,,,,Thu Apr 02 2020 06:10:32 GMT+0000 (Coordinated Universal Time),Sun May 25 2025 22:23:44 GMT+0000 (Coordinated Universal Time),Sun May 25 2025 22:23:44 GMT+0000 (Coordinated Universal Time)
6820c4f8d9b8934078f1ab06,6820c4f8d9b8934078f1ab9d,6820c4f8d9b8934078f1ab07,6839c936158135b5d2084d57,drink-liquor,Picture Frame,Advanced,Lorem Ipsum is simply dummy text of the printing and typesetting industry.,Office & Stationery,https://cdn.prod.website-files.com/6820c4f8d9b8934078f1ab08/6833984582b2956a914e0643_Render_Mockup.jpg,,$7.00,,standard-taxable,,,true,,,,,,,Size,Large,,,,,Thu Apr 02 2020 06:10:10 GMT+0000 (Coordinated Universal Time),Fri May 30 2025 15:10:30 GMT+0000 (Coordinated Universal Time),Fri May 30 2025 15:25:37 GMT+0000 (Coordinated Universal Time)
6820c4f8d9b8934078f1ab06,6820c4f8d9b8934078f1ab9d,6820c4f8d9b8934078f1ab07,6839c932093294022684eddb,drink-liquor,Picture Frame,Advanced,Lorem Ipsum is simply dummy text of the printing and typesetting industry.,Office & Stationery,https://cdn.prod.website-files.com/6820c4f8d9b8934078f1ab08/6833984582b2956a914e0643_Render_Mockup.jpg,,$7.00,,standard-taxable,,,true,,,,,,,Size,Medium,,,,,Thu Apr 02 2020 06:10:10 GMT+0000 (Coordinated Universal Time),Fri May 30 2025 15:10:30 GMT+0000 (Coordinated Universal Time),Fri May 30 2025 15:25:37 GMT+0000 (Coordinated Universal Time)
6820c4f8d9b8934078f1ab06,6820c4f8d9b8934078f1ab9d,6820c4f8d9b8934078f1ab07,6820c4f8d9b8934078f1aba9,drink-liquor,Picture Frame,Advanced,Lorem Ipsum is simply dummy text of the printing and typesetting industry.,Office & Stationery,https://cdn.prod.website-files.com/6820c4f8d9b8934078f1ab08/6833984582b2956a914e0643_Render_Mockup.jpg,,$7.00,,standard-taxable,,,true,,,,,,,Size,Small,,,,,Thu Apr 02 2020 06:10:10 GMT+0000 (Coordinated Universal Time),Fri May 30 2025 15:10:30 GMT+0000 (Coordinated Universal Time),Fri May 30 2025 15:25:37 GMT+0000 (Coordinated Universal Time)
6820c4f8d9b8934078f1ab06,6820c4f8d9b8934078f1ab9c,6820c4f8d9b8934078f1ab07,6839ca4b9d1ec4b92c8ec873,drink-lime,Colored Sweatshirt,Advanced,Lorem Ipsum is simply dummy text of the printing and typesetting industry.,Office & Stationery,https://cdn.prod.website-files.com/6820c4f8d9b8934078f1ab08/6833992acf0a6a7db474a71a_Render_Mockup_1920_1920_2025-05-26.jpg,,$4.00,,standard-taxable,,,true,,,,,,,Size,XL,Main Color,Blue,Combination,Purple,Thu Apr 02 2020 06:09:43 GMT+0000 (Coordinated Universal Time),Fri May 30 2025 15:10:03 GMT+0000 (Coordinated Universal Time),Fri May 30 2025 15:10:03 GMT+0000 (Coordinated Universal Time)
6820c4f8d9b8934078f1ab06,6820c4f8d9b8934078f1ab9c,6820c4f8d9b8934078f1ab07,6839ca4a231ab5c86fc70e31,drink-lime,Colored Sweatshirt,Advanced,Lorem Ipsum is simply dummy text of the printing and typesetting industry.,Office & Stationery,https://cdn.prod.website-files.com/6820c4f8d9b8934078f1ab08/6833992acf0a6a7db474a71a_Render_Mockup_1920_1920_2025-05-26.jpg,,$4.00,,standard-taxable,,,true,,,,,,,Size,M,Main Color,Black,Combination,Purple,Thu Apr 02 2020 06:09:43 GMT+0000 (Coordinated Universal Time),Fri May 30 2025 15:10:03 GMT+0000 (Coordinated Universal Time),Fri May 30 2025 15:10:03 GMT+0000 (Coordinated Universal Time)
6820c4f8d9b8934078f1ab06,6820c4f8d9b8934078f1ab9c,6820c4f8d9b8934078f1ab07,6839ca4a231ab5c86fc70e2b,drink-lime,Colored Sweatshirt,Advanced,Lorem Ipsum is simply dummy text of the printing and typesetting industry.,Office & Stationery,https://cdn.prod.website-files.com/6820c4f8d9b8934078f1ab08/6833992acf0a6a7db474a71a_Render_Mockup_1920_1920_2025-05-26.jpg,,$4.00,,standard-taxable,,,true,,,,,,,Size,M,Main Color,Red,Combination,Purple,Thu Apr 02 2020 06:09:43 GMT+0000 (Coordinated Universal Time),Fri May 30 2025 15:10:03 GMT+0000 (Coordinated Universal Time),Fri May 30 2025 15:10:03 GMT+0000 (Coordinated Universal Time)
6820c4f8d9b8934078f1ab06,6820c4f8d9b8934078f1ab9c,6820c4f8d9b8934078f1ab07,6839ca4a1bbb5cc670e1e129,drink-lime,Colored Sweatshirt,Advanced,Lorem Ipsum is simply dummy text of the printing and typesetting industry.,Office & Stationery,https://cdn.prod.website-files.com/6820c4f8d9b8934078f1ab08/6833992acf0a6a7db474a71a_Render_Mockup_1920_1920_2025-05-26.jpg,,$4.00,,standard-taxable,,,true,,,,,,,Size,L,Main Color,Blue,Combination,Purple,Thu Apr 02 2020 06:09:43 GMT+0000 (Coordinated Universal Time),Fri May 30 2025 15:10:03 GMT+0000 (Coordinated Universal Time),Fri May 30 2025 15:10:03 GMT+0000 (Coordinated Universal Time)
6820c4f8d9b8934078f1ab06,6820c4f8d9b8934078f1ab9c,6820c4f8d9b8934078f1ab07,6839ca4ad6bbd2863d9c12e0,drink-lime,Colored Sweatshirt,Advanced,Lorem Ipsum is simply dummy text of the printing and typesetting industry.,Office & Stationery,https://cdn.prod.website-files.com/6820c4f8d9b8934078f1ab08/6833992acf0a6a7db474a71a_Render_Mockup_1920_1920_2025-05-26.jpg,,$4.00,,standard-taxable,,,true,,,,,,,Size,M,Main Color,Blue,Combination,Purple,Thu Apr 02 2020 06:09:43 GMT+0000 (Coordinated Universal Time),Fri May 30 2025 15:10:03 GMT+0000 (Coordinated Universal Time),Fri May 30 2025 15:10:03 GMT+0000 (Coordinated Universal Time)
6820c4f8d9b8934078f1ab06,6820c4f8d9b8934078f1ab9c,6820c4f8d9b8934078f1ab07,6839ca4a1cbd10d3cd98c4b5,drink-lime,Colored Sweatshirt,Advanced,Lorem Ipsum is simply dummy text of the printing and typesetting industry.,Office & Stationery,https://cdn.prod.website-files.com/6820c4f8d9b8934078f1ab08/6833992acf0a6a7db474a71a_Render_Mockup_1920_1920_2025-05-26.jpg,,$4.00,,standard-taxable,,,true,,,,,,,Size,S,Main Color,Blue,Combination,Purple,Thu Apr 02 2020 06:09:43 GMT+0000 (Coordinated Universal Time),Fri May 30 2025 15:10:03 GMT+0000 (Coordinated Universal Time),Fri May 30 2025 15:10:03 GMT+0000 (Coordinated Universal Time)
6820c4f8d9b8934078f1ab06,6820c4f8d9b8934078f1ab9c,6820c4f8d9b8934078f1ab07,6839ca4aa31f6b5492086ea2,drink-lime,Colored Sweatshirt,Advanced,Lorem Ipsum is simply dummy text of the printing and typesetting industry.,Office & Stationery,https://cdn.prod.website-files.com/6820c4f8d9b8934078f1ab08/6833992acf0a6a7db474a71a_Render_Mockup_1920_1920_2025-05-26.jpg,,$4.00,,standard-taxable,,,true,,,,,,,Size,L,Main Color,Black,Combination,Purple,Thu Apr 02 2020 06:09:43 GMT+0000 (Coordinated Universal Time),Fri May 30 2025 15:10:03 GMT+0000 (Coordinated Universal Time),Fri May 30 2025 15:10:03 GMT+0000 (Coordinated Universal Time)
6820c4f8d9b8934078f1ab06,6820c4f8d9b8934078f1ab9c,6820c4f8d9b8934078f1ab07,6839ca4a14074254a6424869,drink-lime,Colored Sweatshirt,Advanced,Lorem Ipsum is simply dummy text of the printing and typesetting industry.,Office & Stationery,https://cdn.prod.website-files.com/6820c4f8d9b8934078f1ab08/6833992acf0a6a7db474a71a_Render_Mockup_1920_1920_2025-05-26.jpg,,$4.00,,standard-taxable,,,true,,,,,,,Size,S,Main Color,Black,Combination,Purple,Thu Apr 02 2020 06:09:43 GMT+0000 (Coordinated Universal Time),Fri May 30 2025 15:10:03 GMT+0000 (Coordinated Universal Time),Fri May 30 2025 15:10:03 GMT+0000 (Coordinated Universal Time)
6820c4f8d9b8934078f1ab06,6820c4f8d9b8934078f1ab9c,6820c4f8d9b8934078f1ab07,6839ca4ac42bac6687b95924,drink-lime,Colored Sweatshirt,Advanced,Lorem Ipsum is simply dummy text of the printing and typesetting industry.,Office & Stationery,https://cdn.prod.website-files.com/6820c4f8d9b8934078f1ab08/6833992acf0a6a7db474a71a_Render_Mockup_1920_1920_2025-05-26.jpg,,$4.00,,standard-taxable,,,true,,,,,,,Size,XS,Main Color,White,Combination,Purple,Thu Apr 02 2020 06:09:43 GMT+0000 (Coordinated Universal Time),Fri May 30 2025 15:10:03 GMT+0000 (Coordinated Universal Time),Fri May 30 2025 15:10:03 GMT+0000 (Coordinated Universal Time)
6820c4f8d9b8934078f1ab06,6820c4f8d9b8934078f1ab9c,6820c4f8d9b8934078f1ab07,6839ca4a26d07b8ec33d88f3,drink-lime,Colored Sweatshirt,Advanced,Lorem Ipsum is simply dummy text of the printing and typesetting industry.,Office & Stationery,https://cdn.prod.website-files.com/6820c4f8d9b8934078f1ab08/6833992acf0a6a7db474a71a_Render_Mockup_1920_1920_2025-05-26.jpg,,$4.00,,standard-taxable,,,true,,,,,,,Size,XL,Main Color,Red,Combination,Purple,Thu Apr 02 2020 06:09:43 GMT+0000 (Coordinated Universal Time),Fri May 30 2025 15:10:03 GMT+0000 (Coordinated Universal Time),Fri May 30 2025 15:10:03 GMT+0000 (Coordinated Universal Time)
6820c4f8d9b8934078f1ab06,6820c4f8d9b8934078f1ab9c,6820c4f8d9b8934078f1ab07,6839ca4a947a877fe285abbb,drink-lime,Colored Sweatshirt,Advanced,Lorem Ipsum is simply dummy text of the printing and typesetting industry.,Office & Stationery,https://cdn.prod.website-files.com/6820c4f8d9b8934078f1ab08/6833992acf0a6a7db474a71a_Render_Mockup_1920_1920_2025-05-26.jpg,,$4.00,,standard-taxable,,,true,,,,,,,Size,M,Main Color,White,Combination,Purple,Thu Apr 02 2020 06:09:43 GMT+0000 (Coordinated Universal Time),Fri May 30 2025 15:10:03 GMT+0000 (Coordinated Universal Time),Fri May 30 2025 15:10:03 GMT+0000 (Coordinated Universal Time)
6820c4f8d9b8934078f1ab06,6820c4f8d9b8934078f1ab9c,6820c4f8d9b8934078f1ab07,6839ca4a2cbad3ff806bf6f3,drink-lime,Colored Sweatshirt,Advanced,Lorem Ipsum is simply dummy text of the printing and typesetting industry.,Office & Stationery,https://cdn.prod.website-files.com/6820c4f8d9b8934078f1ab08/6833992acf0a6a7db474a71a_Render_Mockup_1920_1920_2025-05-26.jpg,,$4.00,,standard-taxable,,,true,,,,,,,Size,S,Main Color,White,Combination,Purple,Thu Apr 02 2020 06:09:43 GMT+0000 (Coordinated Universal Time),Fri May 30 2025 15:10:03 GMT+0000 (Coordinated Universal Time),Fri May 30 2025 15:10:03 GMT+0000 (Coordinated Universal Time)
6820c4f8d9b8934078f1ab06,6820c4f8d9b8934078f1ab9c,6820c4f8d9b8934078f1ab07,6839ca4abd947efb5ddf4491,drink-lime,Colored Sweatshirt,Advanced,Lorem Ipsum is simply dummy text of the printing and typesetting industry.,Office & Stationery,https://cdn.prod.website-files.com/6820c4f8d9b8934078f1ab08/6833992acf0a6a7db474a71a_Render_Mockup_1920_1920_2025-05-26.jpg,,$4.00,,standard-taxable,,,true,,,,,,,Size,XL,Main Color,White,Combination,Purple,Thu Apr 02 2020 06:09:43 GMT+0000 (Coordinated Universal Time),Fri May 30 2025 15:10:03 GMT+0000 (Coordinated Universal Time),Fri May 30 2025 15:10:03 GMT+0000 (Coordinated Universal Time)
6820c4f8d9b8934078f1ab06,6820c4f8d9b8934078f1ab9c,6820c4f8d9b8934078f1ab07,6839ca4a175f6329866d8ead,drink-lime,Colored Sweatshirt,Advanced,Lorem Ipsum is simply dummy text of the printing and typesetting industry.,Office & Stationery,https://cdn.prod.website-files.com/6820c4f8d9b8934078f1ab08/6833992acf0a6a7db474a71a_Render_Mockup_1920_1920_2025-05-26.jpg,,$4.00,,standard-taxable,,,true,,,,,,,Size,XL,Main Color,Black,Combination,Purple,Thu Apr 02 2020 06:09:43 GMT+0000 (Coordinated Universal Time),Fri May 30 2025 15:10:03 GMT+0000 (Coordinated Universal Time),Fri May 30 2025 15:10:03 GMT+0000 (Coordinated Universal Time)
6820c4f8d9b8934078f1ab06,6820c4f8d9b8934078f1ab9c,6820c4f8d9b8934078f1ab07,6839ca4a093294022685916d,drink-lime,Colored Sweatshirt,Advanced,Lorem Ipsum is simply dummy text of the printing and typesetting industry.,Office & Stationery,https://cdn.prod.website-files.com/6820c4f8d9b8934078f1ab08/6833992acf0a6a7db474a71a_Render_Mockup_1920_1920_2025-05-26.jpg,,$4.00,,standard-taxable,,,true,,,,,,,Size,S,Main Color,Red,Combination,Purple,Thu Apr 02 2020 06:09:43 GMT+0000 (Coordinated Universal Time),Fri May 30 2025 15:10:03 GMT+0000 (Coordinated Universal Time),Fri May 30 2025 15:10:03 GMT+0000 (Coordinated Universal Time)
6820c4f8d9b8934078f1ab06,6820c4f8d9b8934078f1ab9c,6820c4f8d9b8934078f1ab07,6839ca4aa3eb88e91eb64f53,drink-lime,Colored Sweatshirt,Advanced,Lorem Ipsum is simply dummy text of the printing and typesetting industry.,Office & Stationery,https://cdn.prod.website-files.com/6820c4f8d9b8934078f1ab08/6833992acf0a6a7db474a71a_Render_Mockup_1920_1920_2025-05-26.jpg,,$4.00,,standard-taxable,,,true,,,,,,,Size,L,Main Color,White,Combination,Purple,Thu Apr 02 2020 06:09:43 GMT+0000 (Coordinated Universal Time),Fri May 30 2025 15:10:03 GMT+0000 (Coordinated Universal Time),Fri May 30 2025 15:10:03 GMT+0000 (Coordinated Universal Time)
6820c4f8d9b8934078f1ab06,6820c4f8d9b8934078f1ab9c,6820c4f8d9b8934078f1ab07,6839ca4a4e827bacce588eb4,drink-lime,Colored Sweatshirt,Advanced,Lorem Ipsum is simply dummy text of the printing and typesetting industry.,Office & Stationery,https://cdn.prod.website-files.com/6820c4f8d9b8934078f1ab08/6833992acf0a6a7db474a71a_Render_Mockup_1920_1920_2025-05-26.jpg,,$4.00,,standard-taxable,,,true,,,,,,,Size,XS,Main Color,Blue,Combination,Purple,Thu Apr 02 2020 06:09:43 GMT+0000 (Coordinated Universal Time),Fri May 30 2025 15:10:03 GMT+0000 (Coordinated Universal Time),Fri May 30 2025 15:10:03 GMT+0000 (Coordinated Universal Time)
6820c4f8d9b8934078f1ab06,6820c4f8d9b8934078f1ab9c,6820c4f8d9b8934078f1ab07,6839ca4afc15843bd4bb0957,drink-lime,Colored Sweatshirt,Advanced,Lorem Ipsum is simply dummy text of the printing and typesetting industry.,Office & Stationery,https://cdn.prod.website-files.com/6820c4f8d9b8934078f1ab08/6833992acf0a6a7db474a71a_Render_Mockup_1920_1920_2025-05-26.jpg,,$4.00,,standard-taxable,,,true,,,,,,,Size,L,Main Color,Red,Combination,Purple,Thu Apr 02 2020 06:09:43 GMT+0000 (Coordinated Universal Time),Fri May 30 2025 15:10:03 GMT+0000 (Coordinated Universal Time),Fri May 30 2025 15:10:03 GMT+0000 (Coordinated Universal Time)
6820c4f8d9b8934078f1ab06,6820c4f8d9b8934078f1ab9c,6820c4f8d9b8934078f1ab07,6839ca4aa5c8d3637c70a270,drink-lime,Colored Sweatshirt,Advanced,Lorem Ipsum is simply dummy text of the printing and typesetting industry.,Office & Stationery,https://cdn.prod.website-files.com/6820c4f8d9b8934078f1ab08/6833992acf0a6a7db474a71a_Render_Mockup_1920_1920_2025-05-26.jpg,,$4.00,,standard-taxable,,,true,,,,,,,Size,XS,Main Color,Red,Combination,Purple,Thu Apr 02 2020 06:09:43 GMT+0000 (Coordinated Universal Time),Fri May 30 2025 15:10:03 GMT+0000 (Coordinated Universal Time),Fri May 30 2025 15:10:03 GMT+0000 (Coordinated Universal Time)
6820c4f8d9b8934078f1ab06,6820c4f8d9b8934078f1ab9c,6820c4f8d9b8934078f1ab07,6820c4f8d9b8934078f1aba8,drink-lime,Colored Sweatshirt,Advanced,Lorem Ipsum is simply dummy text of the printing and typesetting industry.,Office & Stationery,https://cdn.prod.website-files.com/6820c4f8d9b8934078f1ab08/6833992acf0a6a7db474a71a_Render_Mockup_1920_1920_2025-05-26.jpg,,$4.00,,standard-taxable,,,true,,,,,,,Size,XS,Main Color,Black,Combination,Purple,Thu Apr 02 2020 06:09:43 GMT+0000 (Coordinated Universal Time),Fri May 30 2025 15:10:03 GMT+0000 (Coordinated Universal Time),Fri May 30 2025 15:10:03 GMT+0000 (Coordinated Universal Time)
6820c4f8d9b8934078f1ab06,6820c4f8d9b8934078f1ab96,6820c4f8d9b8934078f1ab07,6820c4f8d9b8934078f1abac,drink-cola,Enamel Mug,Advanced,Lorem Ipsum is simply dummy text of the printing and typesetting industry.,Office & Stationery,https://cdn.prod.website-files.com/6820c4f8d9b8934078f1ab08/68339854ba80cc812fb1cb62_Render_Mockup_1920_1920_2025-05-26%20(2).jpg,,$3.00,,standard-taxable,,,true,,,,,,,,,,,,,Thu Apr 02 2020 06:09:03 GMT+0000 (Coordinated Universal Time),Sun May 25 2025 22:27:05 GMT+0000 (Coordinated Universal Time),Sun May 25 2025 22:27:05 GMT+0000 (Coordinated Universal Time)
6820c4f8d9b8934078f1ab06,6820c4f8d9b8934078f1ab9e,6820c4f8d9b8934078f1ab07,6820c4f8d9b8934078f1abad,salad-ceaser,Espresso Mug,Advanced,Lorem Ipsum is simply dummy text of the printing and typesetting industry.,Clothing Items,https://cdn.prod.website-files.com/6820c4f8d9b8934078f1ab08/6833994719126bca7331041f_Render_Mockup_1200_1600_2025-05-23%20(2).jpg,,$6.00,,standard-taxable,,,true,,,,,,,,,,,,,Thu Apr 02 2020 02:31:32 GMT+0000 (Coordinated Universal Time),Sun May 25 2025 22:27:25 GMT+0000 (Coordinated Universal Time),Sun May 25 2025 22:27:25 GMT+0000 (Coordinated Universal Time)
6820c4f8d9b8934078f1ab06,6820c4f8d9b8934078f1aba2,6820c4f8d9b8934078f1ab07,6820c4f8d9b8934078f1abaa,beans-slow-cooked,Cotton Tote Bag,Advanced,Lorem Ipsum is simply dummy text of the printing and typesetting industry.,Clothing Items,https://cdn.prod.website-files.com/6820c4f8d9b8934078f1ab08/6833995afcefa505834709bb_Render_Mockup_1920_1920_2025-05-26%20(3).jpg,,$4.00,,standard-taxable,,,true,,,,,,,,,,,,,Thu Apr 02 2020 02:30:39 GMT+0000 (Coordinated Universal Time),Sun May 25 2025 22:27:57 GMT+0000 (Coordinated Universal Time),Sun May 25 2025 22:27:57 GMT+0000 (Coordinated Universal Time)
6820c4f8d9b8934078f1ab06,6820c4f8d9b8934078f1ab9a,6820c4f8d9b8934078f1ab07,6820c4f8d9b8934078f1aba5,fries-cheese,Plain T-Shirt,Advanced,Lorem Ipsum is simply dummy text of the printing and typesetting industry.,Clothing Items,https://cdn.prod.website-files.com/6820c4f8d9b8934078f1ab08/68339975700d2cc61b311e67_Render_Mockup_1200_1600_2025-05-23%20(1).jpg,,$5.00,,standard-taxable,,,true,,,,,,,,,,,,,Thu Apr 02 2020 02:30:10 GMT+0000 (Coordinated Universal Time),Sun May 25 2025 22:28:09 GMT+0000 (Coordinated Universal Time),Sun May 25 2025 22:28:09 GMT+0000 (Coordinated Universal Time)
6820c4f8d9b8934078f1ab06,6820c4f8d9b8934078f1ab95,6820c4f8d9b8934078f1ab07,6820c4f8d9b8934078f1abb0,fries-rustic,Fitted T-Shirt,Advanced,Lorem Ipsum is simply dummy text of the printing and typesetting industry.,Clothing Items,https://cdn.prod.website-files.com/6820c4f8d9b8934078f1ab08/6821285a2d09deedb578a797_Hanging-T-shirt-Mockup-.jpg,,$4.00,,standard-taxable,,,true,,,,,,,,,,,,,Thu Apr 02 2020 02:27:52 GMT+0000 (Coordinated Universal Time),Thu May 15 2025 19:41:53 GMT+0000 (Coordinated Universal Time),Thu May 15 2025 19:44:21 GMT+0000 (Coordinated Universal Time)
6820c4f8d9b8934078f1ab06,6820c4f8d9b8934078f1aba0,6820c4f8d9b8934078f1ab07,6839cbb003a3491ad6c9dd90,burger-dreams,Colored Notebook,Advanced,Lorem Ipsum is simply dummy text of the printing and typesetting industry.,Burgers,https://cdn.prod.website-files.com/6820c4f8d9b8934078f1ab08/68339a14d4a0f0956977951e_Render_Mockup_1200_1600_2025-05-23%20(3).jpg,,$9.20,,standard-taxable,,,true,,,,,,,Base Color,Light Blue,Interior,Ruled,Size,A4 Horizontal,Wed Apr 01 2020 04:56:55 GMT+0000 (Coordinated Universal Time),Fri May 30 2025 15:16:01 GMT+0000 (Coordinated Universal Time),Fri May 30 2025 15:16:01 GMT+0000 (Coordinated Universal Time)
6820c4f8d9b8934078f1ab06,6820c4f8d9b8934078f1aba0,6820c4f8d9b8934078f1ab07,6839cbae820be97f40896986,burger-dreams,Colored Notebook,Advanced,Lorem Ipsum is simply dummy text of the printing and typesetting industry.,Burgers,https://cdn.prod.website-files.com/6820c4f8d9b8934078f1ab08/68339a14d4a0f0956977951e_Render_Mockup_1200_1600_2025-05-23%20(3).jpg,,$9.20,,standard-taxable,,,true,,,,,,,Base Color,White,Interior,Ruled,Size,A4 Vertical,Wed Apr 01 2020 04:56:55 GMT+0000 (Coordinated Universal Time),Fri May 30 2025 15:16:01 GMT+0000 (Coordinated Universal Time),Fri May 30 2025 15:16:01 GMT+0000 (Coordinated Universal Time)
6820c4f8d9b8934078f1ab06,6820c4f8d9b8934078f1aba0,6820c4f8d9b8934078f1ab07,6839cbad6f27da748888200f,burger-dreams,Colored Notebook,Advanced,Lorem Ipsum is simply dummy text of the printing and typesetting industry.,Burgers,https://cdn.prod.website-files.com/6820c4f8d9b8934078f1ab08/68339a14d4a0f0956977951e_Render_Mockup_1200_1600_2025-05-23%20(3).jpg,,$9.20,,standard-taxable,,,true,,,,,,,Base Color,Orange,Interior,Plain,Size,A4 Vertical,Wed Apr 01 2020 04:56:55 GMT+0000 (Coordinated Universal Time),Fri May 30 2025 15:16:01 GMT+0000 (Coordinated Universal Time),Fri May 30 2025 15:16:01 GMT+0000 (Coordinated Universal Time)
6820c4f8d9b8934078f1ab06,6820c4f8d9b8934078f1aba0,6820c4f8d9b8934078f1ab07,6839cbada3163ee5aebc55ca,burger-dreams,Colored Notebook,Advanced,Lorem Ipsum is simply dummy text of the printing and typesetting industry.,Burgers,https://cdn.prod.website-files.com/6820c4f8d9b8934078f1ab08/68339a14d4a0f0956977951e_Render_Mockup_1200_1600_2025-05-23%20(3).jpg,,$9.20,,standard-taxable,,,true,,,,,,,Base Color,Purple,Interior,Plain,Size,A4 Vertical,Wed Apr 01 2020 04:56:55 GMT+0000 (Coordinated Universal Time),Fri May 30 2025 15:16:01 GMT+0000 (Coordinated Universal Time),Fri May 30 2025 15:16:01 GMT+0000 (Coordinated Universal Time)
6820c4f8d9b8934078f1ab06,6820c4f8d9b8934078f1aba0,6820c4f8d9b8934078f1ab07,6839cbada43df399197f478b,burger-dreams,Colored Notebook,Advanced,Lorem Ipsum is simply dummy text of the printing and typesetting industry.,Burgers,https://cdn.prod.website-files.com/6820c4f8d9b8934078f1ab08/68339a14d4a0f0956977951e_Render_Mockup_1200_1600_2025-05-23%20(3).jpg,,$9.20,,standard-taxable,,,true,,,,,,,Base Color,Purple,Interior,Ruled,Size,A4 Horizontal,Wed Apr 01 2020 04:56:55 GMT+0000 (Coordinated Universal Time),Fri May 30 2025 15:16:01 GMT+0000 (Coordinated Universal Time),Fri May 30 2025 15:16:01 GMT+0000 (Coordinated Universal Time)
6820c4f8d9b8934078f1ab06,6820c4f8d9b8934078f1aba0,6820c4f8d9b8934078f1ab07,6839cbad62bfcc6a8fe91adc,burger-dreams,Colored Notebook,Advanced,Lorem Ipsum is simply dummy text of the printing and typesetting industry.,Burgers,https://cdn.prod.website-files.com/6820c4f8d9b8934078f1ab08/68339a14d4a0f0956977951e_Render_Mockup_1200_1600_2025-05-23%20(3).jpg,,$9.20,,standard-taxable,,,true,,,,,,,Base Color,White,Interior,Dotted,Size,A4 Horizontal,Wed Apr 01 2020 04:56:55 GMT+0000 (Coordinated Universal Time),Fri May 30 2025 15:16:01 GMT+0000 (Coordinated Universal Time),Fri May 30 2025 15:16:01 GMT+0000 (Coordinated Universal Time)
6820c4f8d9b8934078f1ab06,6820c4f8d9b8934078f1aba0,6820c4f8d9b8934078f1ab07,6839cbad8534dbed3ee1d179,burger-dreams,Colored Notebook,Advanced,Lorem Ipsum is simply dummy text of the printing and typesetting industry.,Burgers,https://cdn.prod.website-files.com/6820c4f8d9b8934078f1ab08/68339a14d4a0f0956977951e_Render_Mockup_1200_1600_2025-05-23%20(3).jpg,,$9.20,,standard-taxable,,,true,,,,,,,Base Color,Purple,Interior,Grid,Size,A4 Vertical,Wed Apr 01 2020 04:56:55 GMT+0000 (Coordinated Universal Time),Fri May 30 2025 15:16:01 GMT+0000 (Coordinated Universal Time),Fri May 30 2025 15:16:01 GMT+0000 (Coordinated Universal Time)
6820c4f8d9b8934078f1ab06,6820c4f8d9b8934078f1aba0,6820c4f8d9b8934078f1ab07,6839cbad112f77562c536802,burger-dreams,Colored Notebook,Advanced,Lorem Ipsum is simply dummy text of the printing and typesetting industry.,Burgers,https://cdn.prod.website-files.com/6820c4f8d9b8934078f1ab08/68339a14d4a0f0956977951e_Render_Mockup_1200_1600_2025-05-23%20(3).jpg,,$9.20,,standard-taxable,,,true,,,,,,,Base Color,Orange,Interior,Ruled,Size,A4 Vertical,Wed Apr 01 2020 04:56:55 GMT+0000 (Coordinated Universal Time),Fri May 30 2025 15:16:01 GMT+0000 (Coordinated Universal Time),Fri May 30 2025 15:16:01 GMT+0000 (Coordinated Universal Time)
6820c4f8d9b8934078f1ab06,6820c4f8d9b8934078f1aba0,6820c4f8d9b8934078f1ab07,6839cbadada3e38c18314a47,burger-dreams,Colored Notebook,Advanced,Lorem Ipsum is simply dummy text of the printing and typesetting industry.,Burgers,https://cdn.prod.website-files.com/6820c4f8d9b8934078f1ab08/68339a14d4a0f0956977951e_Render_Mockup_1200_1600_2025-05-23%20(3).jpg,,$9.20,,standard-taxable,,,true,,,,,,,Base Color,Light Blue,Interior,Dotted,Size,A4 Vertical,Wed Apr 01 2020 04:56:55 GMT+0000 (Coordinated Universal Time),Fri May 30 2025 15:16:01 GMT+0000 (Coordinated Universal Time),Fri May 30 2025 15:16:01 GMT+0000 (Coordinated Universal Time)
6820c4f8d9b8934078f1ab06,6820c4f8d9b8934078f1aba0,6820c4f8d9b8934078f1ab07,6839cbad58269d4c9e46ea1c,burger-dreams,Colored Notebook,Advanced,Lorem Ipsum is simply dummy text of the printing and typesetting industry.,Burgers,https://cdn.prod.website-files.com/6820c4f8d9b8934078f1ab08/68339a14d4a0f0956977951e_Render_Mockup_1200_1600_2025-05-23%20(3).jpg,,$9.20,,standard-taxable,,,true,,,,,,,Base Color,White,Interior,Plain,Size,A4 Vertical,Wed Apr 01 2020 04:56:55 GMT+0000 (Coordinated Universal Time),Fri May 30 2025 15:16:01 GMT+0000 (Coordinated Universal Time),Fri May 30 2025 15:16:01 GMT+0000 (Coordinated Universal Time)
6820c4f8d9b8934078f1ab06,6820c4f8d9b8934078f1aba0,6820c4f8d9b8934078f1ab07,6839cbad3d6e769ac12e1822,burger-dreams,Colored Notebook,Advanced,Lorem Ipsum is simply dummy text of the printing and typesetting industry.,Burgers,https://cdn.prod.website-files.com/6820c4f8d9b8934078f1ab08/68339a14d4a0f0956977951e_Render_Mockup_1200_1600_2025-05-23%20(3).jpg,,$9.20,,standard-taxable,,,true,,,,,,,Base Color,White,Interior,Grid,Size,A4 Vertical,Wed Apr 01 2020 04:56:55 GMT+0000 (Coordinated Universal Time),Fri May 30 2025 15:16:01 GMT+0000 (Coordinated Universal Time),Fri May 30 2025 15:16:01 GMT+0000 (Coordinated Universal Time)
6820c4f8d9b8934078f1ab06,6820c4f8d9b8934078f1aba0,6820c4f8d9b8934078f1ab07,6839cbad192ebb96bc88bd39,burger-dreams,Colored Notebook,Advanced,Lorem Ipsum is simply dummy text of the printing and typesetting industry.,Burgers,https://cdn.prod.website-files.com/6820c4f8d9b8934078f1ab08/68339a14d4a0f0956977951e_Render_Mockup_1200_1600_2025-05-23%20(3).jpg,,$9.20,,standard-taxable,,,true,,,,,,,Base Color,Orange,Interior,Grid,Size,A4 Vertical,Wed Apr 01 2020 04:56:55 GMT+0000 (Coordinated Universal Time),Fri May 30 2025 15:16:01 GMT+0000 (Coordinated Universal Time),Fri May 30 2025 15:16:01 GMT+0000 (Coordinated Universal Time)
6820c4f8d9b8934078f1ab06,6820c4f8d9b8934078f1aba0,6820c4f8d9b8934078f1ab07,6839cbad58ecb7b2c2e705ca,burger-dreams,Colored Notebook,Advanced,Lorem Ipsum is simply dummy text of the printing and typesetting industry.,Burgers,https://cdn.prod.website-files.com/6820c4f8d9b8934078f1ab08/68339a14d4a0f0956977951e_Render_Mockup_1200_1600_2025-05-23%20(3).jpg,,$9.20,,standard-taxable,,,true,,,,,,,Base Color,Light Blue,Interior,Plain,Size,A4 Horizontal,Wed Apr 01 2020 04:56:55 GMT+0000 (Coordinated Universal Time),Fri May 30 2025 15:16:01 GMT+0000 (Coordinated Universal Time),Fri May 30 2025 15:16:01 GMT+0000 (Coordinated Universal Time)
6820c4f8d9b8934078f1ab06,6820c4f8d9b8934078f1aba0,6820c4f8d9b8934078f1ab07,6839cbad158135b5d209ef98,burger-dreams,Colored Notebook,Advanced,Lorem Ipsum is simply dummy text of the printing and typesetting industry.,Burgers,https://cdn.prod.website-files.com/6820c4f8d9b8934078f1ab08/68339a14d4a0f0956977951e_Render_Mockup_1200_1600_2025-05-23%20(3).jpg,,$9.20,,standard-taxable,,,true,,,,,,,Base Color,Orange,Interior,Dotted,Size,A4 Horizontal,Wed Apr 01 2020 04:56:55 GMT+0000 (Coordinated Universal Time),Fri May 30 2025 15:16:01 GMT+0000 (Coordinated Universal Time),Fri May 30 2025 15:16:01 GMT+0000 (Coordinated Universal Time)
6820c4f8d9b8934078f1ab06,6820c4f8d9b8934078f1aba0,6820c4f8d9b8934078f1ab07,6839cbad961e92403aa073f6,burger-dreams,Colored Notebook,Advanced,Lorem Ipsum is simply dummy text of the printing and typesetting industry.,Burgers,https://cdn.prod.website-files.com/6820c4f8d9b8934078f1ab08/68339a14d4a0f0956977951e_Render_Mockup_1200_1600_2025-05-23%20(3).jpg,,$9.20,,standard-taxable,,,true,,,,,,,Base Color,Purple,Interior,Grid,Size,A4 Horizontal,Wed Apr 01 2020 04:56:55 GMT+0000 (Coordinated Universal Time),Fri May 30 2025 15:16:01 GMT+0000 (Coordinated Universal Time),Fri May 30 2025 15:16:01 GMT+0000 (Coordinated Universal Time)
6820c4f8d9b8934078f1ab06,6820c4f8d9b8934078f1aba0,6820c4f8d9b8934078f1ab07,6839cbadd3b87e937356a966,burger-dreams,Colored Notebook,Advanced,Lorem Ipsum is simply dummy text of the printing and typesetting industry.,Burgers,https://cdn.prod.website-files.com/6820c4f8d9b8934078f1ab08/68339a14d4a0f0956977951e_Render_Mockup_1200_1600_2025-05-23%20(3).jpg,,$9.20,,standard-taxable,,,true,,,,,,,Base Color,Purple,Interior,Dotted,Size,A4 Vertical,Wed Apr 01 2020 04:56:55 GMT+0000 (Coordinated Universal Time),Fri May 30 2025 15:16:01 GMT+0000 (Coordinated Universal Time),Fri May 30 2025 15:16:01 GMT+0000 (Coordinated Universal Time)
6820c4f8d9b8934078f1ab06,6820c4f8d9b8934078f1aba0,6820c4f8d9b8934078f1ab07,6839cbad865029436d7e9f2f,burger-dreams,Colored Notebook,Advanced,Lorem Ipsum is simply dummy text of the printing and typesetting industry.,Burgers,https://cdn.prod.website-files.com/6820c4f8d9b8934078f1ab08/68339a14d4a0f0956977951e_Render_Mockup_1200_1600_2025-05-23%20(3).jpg,,$9.20,,standard-taxable,,,true,,,,,,,Base Color,Light Blue,Interior,Grid,Size,A4 Horizontal,Wed Apr 01 2020 04:56:55 GMT+0000 (Coordinated Universal Time),Fri May 30 2025 15:16:01 GMT+0000 (Coordinated Universal Time),Fri May 30 2025 15:16:01 GMT+0000 (Coordinated Universal Time)
6820c4f8d9b8934078f1ab06,6820c4f8d9b8934078f1aba0,6820c4f8d9b8934078f1ab07,6839cbad1cc8a11bad5e988e,burger-dreams,Colored Notebook,Advanced,Lorem Ipsum is simply dummy text of the printing and typesetting industry.,Burgers,https://cdn.prod.website-files.com/6820c4f8d9b8934078f1ab08/68339a14d4a0f0956977951e_Render_Mockup_1200_1600_2025-05-23%20(3).jpg,,$9.20,,standard-taxable,,,true,,,,,,,Base Color,Purple,Interior,Ruled,Size,A4 Vertical,Wed Apr 01 2020 04:56:55 GMT+0000 (Coordinated Universal Time),Fri May 30 2025 15:16:01 GMT+0000 (Coordinated Universal Time),Fri May 30 2025 15:16:01 GMT+0000 (Coordinated Universal Time)
6820c4f8d9b8934078f1ab06,6820c4f8d9b8934078f1aba0,6820c4f8d9b8934078f1ab07,6839cbadd151ac040232e958,burger-dreams,Colored Notebook,Advanced,Lorem Ipsum is simply dummy text of the printing and typesetting industry.,Burgers,https://cdn.prod.website-files.com/6820c4f8d9b8934078f1ab08/68339a14d4a0f0956977951e_Render_Mockup_1200_1600_2025-05-23%20(3).jpg,,$9.20,,standard-taxable,,,true,,,,,,,Base Color,Orange,Interior,Ruled,Size,A4 Horizontal,Wed Apr 01 2020 04:56:55 GMT+0000 (Coordinated Universal Time),Fri May 30 2025 15:16:01 GMT+0000 (Coordinated Universal Time),Fri May 30 2025 15:16:01 GMT+0000 (Coordinated Universal Time)
6820c4f8d9b8934078f1ab06,6820c4f8d9b8934078f1aba0,6820c4f8d9b8934078f1ab07,6839cbad4608822eab145825,burger-dreams,Colored Notebook,Advanced,Lorem Ipsum is simply dummy text of the printing and typesetting industry.,Burgers,https://cdn.prod.website-files.com/6820c4f8d9b8934078f1ab08/68339a14d4a0f0956977951e_Render_Mockup_1200_1600_2025-05-23%20(3).jpg,,$9.20,,standard-taxable,,,true,,,,,,,Base Color,Light Blue,Interior,Ruled,Size,A4 Vertical,Wed Apr 01 2020 04:56:55 GMT+0000 (Coordinated Universal Time),Fri May 30 2025 15:16:01 GMT+0000 (Coordinated Universal Time),Fri May 30 2025 15:16:01 GMT+0000 (Coordinated Universal Time)
6820c4f8d9b8934078f1ab06,6820c4f8d9b8934078f1aba0,6820c4f8d9b8934078f1ab07,6839cbad69073adce74d463f,burger-dreams,Colored Notebook,Advanced,Lorem Ipsum is simply dummy text of the printing and typesetting industry.,Burgers,https://cdn.prod.website-files.com/6820c4f8d9b8934078f1ab08/68339a14d4a0f0956977951e_Render_Mockup_1200_1600_2025-05-23%20(3).jpg,,$9.20,,standard-taxable,,,true,,,,,,,Base Color,Purple,Interior,Plain,Size,A4 Horizontal,Wed Apr 01 2020 04:56:55 GMT+0000 (Coordinated Universal Time),Fri May 30 2025 15:16:01 GMT+0000 (Coordinated Universal Time),Fri May 30 2025 15:16:01 GMT+0000 (Coordinated Universal Time)
6820c4f8d9b8934078f1ab06,6820c4f8d9b8934078f1aba0,6820c4f8d9b8934078f1ab07,6839cbad00128f533868748f,burger-dreams,Colored Notebook,Advanced,Lorem Ipsum is simply dummy text of the printing and typesetting industry.,Burgers,https://cdn.prod.website-files.com/6820c4f8d9b8934078f1ab08/68339a14d4a0f0956977951e_Render_Mockup_1200_1600_2025-05-23%20(3).jpg,,$9.20,,standard-taxable,,,true,,,,,,,Base Color,Light Blue,Interior,Dotted,Size,A4 Horizontal,Wed Apr 01 2020 04:56:55 GMT+0000 (Coordinated Universal Time),Fri May 30 2025 15:16:01 GMT+0000 (Coordinated Universal Time),Fri May 30 2025 15:16:01 GMT+0000 (Coordinated Universal Time)
6820c4f8d9b8934078f1ab06,6820c4f8d9b8934078f1aba0,6820c4f8d9b8934078f1ab07,6839cbad258ef7a98cd7787d,burger-dreams,Colored Notebook,Advanced,Lorem Ipsum is simply dummy text of the printing and typesetting industry.,Burgers,https://cdn.prod.website-files.com/6820c4f8d9b8934078f1ab08/68339a14d4a0f0956977951e_Render_Mockup_1200_1600_2025-05-23%20(3).jpg,,$9.20,,standard-taxable,,,true,,,,,,,Base Color,Orange,Interior,Dotted,Size,A4 Vertical,Wed Apr 01 2020 04:56:55 GMT+0000 (Coordinated Universal Time),Fri May 30 2025 15:16:01 GMT+0000 (Coordinated Universal Time),Fri May 30 2025 15:16:01 GMT+0000 (Coordinated Universal Time)
6820c4f8d9b8934078f1ab06,6820c4f8d9b8934078f1aba0,6820c4f8d9b8934078f1ab07,6839cbad231ab5c86fc7df01,burger-dreams,Colored Notebook,Advanced,Lorem Ipsum is simply dummy text of the printing and typesetting industry.,Burgers,https://cdn.prod.website-files.com/6820c4f8d9b8934078f1ab08/68339a14d4a0f0956977951e_Render_Mockup_1200_1600_2025-05-23%20(3).jpg,,$9.20,,standard-taxable,,,true,,,,,,,Base Color,White,Interior,Dotted,Size,A4 Vertical,Wed Apr 01 2020 04:56:55 GMT+0000 (Coordinated Universal Time),Fri May 30 2025 15:16:01 GMT+0000 (Coordinated Universal Time),Fri May 30 2025 15:16:01 GMT+0000 (Coordinated Universal Time)
6820c4f8d9b8934078f1ab06,6820c4f8d9b8934078f1aba0,6820c4f8d9b8934078f1ab07,6839cbad85061cc03db8e950,burger-dreams,Colored Notebook,Advanced,Lorem Ipsum is simply dummy text of the printing and typesetting industry.,Burgers,https://cdn.prod.website-files.com/6820c4f8d9b8934078f1ab08/68339a14d4a0f0956977951e_Render_Mockup_1200_1600_2025-05-23%20(3).jpg,,$9.20,,standard-taxable,,,true,,,,,,,Base Color,White,Interior,Plain,Size,A4 Horizontal,Wed Apr 01 2020 04:56:55 GMT+0000 (Coordinated Universal Time),Fri May 30 2025 15:16:01 GMT+0000 (Coordinated Universal Time),Fri May 30 2025 15:16:01 GMT+0000 (Coordinated Universal Time)
6820c4f8d9b8934078f1ab06,6820c4f8d9b8934078f1aba0,6820c4f8d9b8934078f1ab07,6839cbad7e2afbd2b1d283a6,burger-dreams,Colored Notebook,Advanced,Lorem Ipsum is simply dummy text of the printing and typesetting industry.,Burgers,https://cdn.prod.website-files.com/6820c4f8d9b8934078f1ab08/68339a14d4a0f0956977951e_Render_Mockup_1200_1600_2025-05-23%20(3).jpg,,$9.20,,standard-taxable,,,true,,,,,,,Base Color,Light Blue,Interior,Plain,Size,A4 Vertical,Wed Apr 01 2020 04:56:55 GMT+0000 (Coordinated Universal Time),Fri May 30 2025 15:16:01 GMT+0000 (Coordinated Universal Time),Fri May 30 2025 15:16:01 GMT+0000 (Coordinated Universal Time)
6820c4f8d9b8934078f1ab06,6820c4f8d9b8934078f1aba0,6820c4f8d9b8934078f1ab07,6839cbade729cb62f7e1f58e,burger-dreams,Colored Notebook,Advanced,Lorem Ipsum is simply dummy text of the printing and typesetting industry.,Burgers,https://cdn.prod.website-files.com/6820c4f8d9b8934078f1ab08/68339a14d4a0f0956977951e_Render_Mockup_1200_1600_2025-05-23%20(3).jpg,,$9.20,,standard-taxable,,,true,,,,,,,Base Color,White,Interior,Grid,Size,A4 Horizontal,Wed Apr 01 2020 04:56:55 GMT+0000 (Coordinated Universal Time),Fri May 30 2025 15:16:01 GMT+0000 (Coordinated Universal Time),Fri May 30 2025 15:16:01 GMT+0000 (Coordinated Universal Time)
6820c4f8d9b8934078f1ab06,6820c4f8d9b8934078f1aba0,6820c4f8d9b8934078f1ab07,6839cbad61c29509e0bd981a,burger-dreams,Colored Notebook,Advanced,Lorem Ipsum is simply dummy text of the printing and typesetting industry.,Burgers,https://cdn.prod.website-files.com/6820c4f8d9b8934078f1ab08/68339a14d4a0f0956977951e_Render_Mockup_1200_1600_2025-05-23%20(3).jpg,,$9.20,,standard-taxable,,,true,,,,,,,Base Color,Orange,Interior,Grid,Size,A4 Horizontal,Wed Apr 01 2020 04:56:55 GMT+0000 (Coordinated Universal Time),Fri May 30 2025 15:16:01 GMT+0000 (Coordinated Universal Time),Fri May 30 2025 15:16:01 GMT+0000 (Coordinated Universal Time)
6820c4f8d9b8934078f1ab06,6820c4f8d9b8934078f1aba0,6820c4f8d9b8934078f1ab07,6839cbadf84d8bbd3d1d52bd,burger-dreams,Colored Notebook,Advanced,Lorem Ipsum is simply dummy text of the printing and typesetting industry.,Burgers,https://cdn.prod.website-files.com/6820c4f8d9b8934078f1ab08/68339a14d4a0f0956977951e_Render_Mockup_1200_1600_2025-05-23%20(3).jpg,,$9.20,,standard-taxable,,,true,,,,,,,Base Color,Purple,Interior,Dotted,Size,A4 Horizontal,Wed Apr 01 2020 04:56:55 GMT+0000 (Coordinated Universal Time),Fri May 30 2025 15:16:01 GMT+0000 (Coordinated Universal Time),Fri May 30 2025 15:16:01 GMT+0000 (Coordinated Universal Time)
6820c4f8d9b8934078f1ab06,6820c4f8d9b8934078f1aba0,6820c4f8d9b8934078f1ab07,6839cbad76a9c6dfd7a263f1,burger-dreams,Colored Notebook,Advanced,Lorem Ipsum is simply dummy text of the printing and typesetting industry.,Burgers,https://cdn.prod.website-files.com/6820c4f8d9b8934078f1ab08/68339a14d4a0f0956977951e_Render_Mockup_1200_1600_2025-05-23%20(3).jpg,,$9.20,,standard-taxable,,,true,,,,,,,Base Color,Light Blue,Interior,Grid,Size,A4 Vertical,Wed Apr 01 2020 04:56:55 GMT+0000 (Coordinated Universal Time),Fri May 30 2025 15:16:01 GMT+0000 (Coordinated Universal Time),Fri May 30 2025 15:16:01 GMT+0000 (Coordinated Universal Time)
6820c4f8d9b8934078f1ab06,6820c4f8d9b8934078f1aba0,6820c4f8d9b8934078f1ab07,6839cbad6386ad05d5f34efe,burger-dreams,Colored Notebook,Advanced,Lorem Ipsum is simply dummy text of the printing and typesetting industry.,Burgers,https://cdn.prod.website-files.com/6820c4f8d9b8934078f1ab08/68339a14d4a0f0956977951e_Render_Mockup_1200_1600_2025-05-23%20(3).jpg,,$9.20,,standard-taxable,,,true,,,,,,,Base Color,Orange,Interior,Plain,Size,A4 Horizontal,Wed Apr 01 2020 04:56:55 GMT+0000 (Coordinated Universal Time),Fri May 30 2025 15:16:01 GMT+0000 (Coordinated Universal Time),Fri May 30 2025 15:16:01 GMT+0000 (Coordinated Universal Time)
6820c4f8d9b8934078f1ab06,6820c4f8d9b8934078f1aba0,6820c4f8d9b8934078f1ab07,6820c4f8d9b8934078f1aba6,burger-dreams,Colored Notebook,Advanced,Lorem Ipsum is simply dummy text of the printing and typesetting industry.,Burgers,https://cdn.prod.website-files.com/6820c4f8d9b8934078f1ab08/68339a14d4a0f0956977951e_Render_Mockup_1200_1600_2025-05-23%20(3).jpg,,$9.20,,standard-taxable,,,true,,,,,,,Base Color,White,Interior,Ruled,Size,A4 Horizontal,Wed Apr 01 2020 04:56:55 GMT+0000 (Coordinated Universal Time),Fri May 30 2025 15:16:01 GMT+0000 (Coordinated Universal Time),Fri May 30 2025 15:16:01 GMT+0000 (Coordinated Universal Time)
6820c4f8d9b8934078f1ab06,6820c4f8d9b8934078f1ab94,6820c4f8d9b8934078f1ab07,6820c4f8d9b8934078f1abae,burger-waldo,Termal Bag,Advanced,Lorem Ipsum is simply dummy text of the printing and typesetting industry. Lorem Ipsum is simply dummy text of the printing and typesetting industry. Lorem Ipsum is simply dummy text of the printing and typesetting industry. Lorem Ipsum is simply dummy text of the printing and typesetting industry. Lorem Ipsum is simply dummy text of the printing and typesetting industry. Lorem Ipsum is simply dummy text of the printing and typesetting industry.,Burgers,https://cdn.prod.website-files.com/6820c4f8d9b8934078f1ab08/6833995afcefa505834709bb_Render_Mockup_1920_1920_2025-05-26%20(3).jpg,,$10.00,,standard-taxable,,,true,,,,,,,,,,,,,Wed Apr 01 2020 04:56:23 GMT+0000 (Coordinated Universal Time),Mon Jun 09 2025 20:58:20 GMT+0000 (Coordinated Universal Time),Mon Jun 09 2025 20:58:20 GMT+0000 (Coordinated Universal Time)
6820c4f8d9b8934078f1ab06,6820c4f8d9b8934078f1ab97,6820c4f8d9b8934078f1ab07,6820c4f8d9b8934078f1aba7,burger-cali,Pencil Box,Advanced,Lorem Ipsum is simply dummy text of the printing and typesetting industry.,Burgers,https://cdn.prod.website-files.com/6820c4f8d9b8934078f1ab08/682128911dc76e83754aed3d_Pencil-Box-Mockup-.jpg,,$8.00,,standard-taxable,,,true,,,,,,,,,,,,,Wed Apr 01 2020 04:55:21 GMT+0000 (Coordinated Universal Time),Thu May 15 2025 19:41:53 GMT+0000 (Coordinated Universal Time),Thu May 15 2025 19:44:21 GMT+0000 (Coordinated Universal Time)
6820c4f8d9b8934078f1ab06,6820c4f8d9b8934078f1aba1,6820c4f8d9b8934078f1ab07,6820c4f8d9b8934078f1abb1,burger-bacon-buddy,Customized Pencil,Advanced,Lorem Ipsum is simply dummy text of the printing and typesetting industry.,Burgers,https://cdn.prod.website-files.com/6820c4f8d9b8934078f1ab08/682128a2539798c6ccab7f5a_Pencil-Mockup-.jpg,,$9.99,,standard-taxable,,,true,,,,,,,,,,,,,Wed Apr 01 2020 01:56:37 GMT+0000 (Coordinated Universal Time),Thu May 15 2025 19:41:53 GMT+0000 (Coordinated Universal Time),Thu May 15 2025 19:44:21 GMT+0000 (Coordinated Universal Time)
6820c4f8d9b8934078f1ab06,6820c4f8d9b8934078f1ab9b,6820c4f8d9b8934078f1ab07,6839cab974d923e667f4b6fd,burger-spicy,Oversized T-Shirt,Advanced,Lorem Ipsum is simply dummy text of the printing and typesetting industry.,Burgers,https://cdn.prod.website-files.com/6820c4f8d9b8934078f1ab08/682128ca201a0eea0f433a63_Oversized-T-Shirt-Mockup-.jpg,,$9.20,,standard-taxable,,,true,,,,,,,Size,L,Color,Yellow,,,Wed Apr 01 2020 01:55:58 GMT+0000 (Coordinated Universal Time),Fri May 30 2025 15:11:54 GMT+0000 (Coordinated Universal Time),Fri May 30 2025 15:11:54 GMT+0000 (Coordinated Universal Time)
6820c4f8d9b8934078f1ab06,6820c4f8d9b8934078f1ab9b,6820c4f8d9b8934078f1ab07,6839cab9a3eb88e91eb689a6,burger-spicy,Oversized T-Shirt,Advanced,Lorem Ipsum is simply dummy text of the printing and typesetting industry.,Burgers,https://cdn.prod.website-files.com/6820c4f8d9b8934078f1ab08/682128ca201a0eea0f433a63_Oversized-T-Shirt-Mockup-.jpg,,$9.20,,standard-taxable,,,true,,,,,,,Size,S,Color,Blue,,,Wed Apr 01 2020 01:55:58 GMT+0000 (Coordinated Universal Time),Fri May 30 2025 15:11:54 GMT+0000 (Coordinated Universal Time),Fri May 30 2025 15:11:54 GMT+0000 (Coordinated Universal Time)
6820c4f8d9b8934078f1ab06,6820c4f8d9b8934078f1ab9b,6820c4f8d9b8934078f1ab07,6839cab9041ce5cb2fe5084a,burger-spicy,Oversized T-Shirt,Advanced,Lorem Ipsum is simply dummy text of the printing and typesetting industry.,Burgers,https://cdn.prod.website-files.com/6820c4f8d9b8934078f1ab08/682128ca201a0eea0f433a63_Oversized-T-Shirt-Mockup-.jpg,,$9.20,,standard-taxable,,,true,,,,,,,Size,S,Color,Pink,,,Wed Apr 01 2020 01:55:58 GMT+0000 (Coordinated Universal Time),Fri May 30 2025 15:11:54 GMT+0000 (Coordinated Universal Time),Fri May 30 2025 15:11:54 GMT+0000 (Coordinated Universal Time)
6820c4f8d9b8934078f1ab06,6820c4f8d9b8934078f1ab9b,6820c4f8d9b8934078f1ab07,6839cab9fff708159d6b1fd3,burger-spicy,Oversized T-Shirt,Advanced,Lorem Ipsum is simply dummy text of the printing and typesetting industry.,Burgers,https://cdn.prod.website-files.com/6820c4f8d9b8934078f1ab08/682128ca201a0eea0f433a63_Oversized-T-Shirt-Mockup-.jpg,,$9.20,,standard-taxable,,,true,,,,,,,Size,XS,Color,White,,,Wed Apr 01 2020 01:55:58 GMT+0000 (Coordinated Universal Time),Fri May 30 2025 15:11:54 GMT+0000 (Coordinated Universal Time),Fri May 30 2025 15:11:54 GMT+0000 (Coordinated Universal Time)
6820c4f8d9b8934078f1ab06,6820c4f8d9b8934078f1ab9b,6820c4f8d9b8934078f1ab07,6839cab9a6dce390a6285a91,burger-spicy,Oversized T-Shirt,Advanced,Lorem Ipsum is simply dummy text of the printing and typesetting industry.,Burgers,https://cdn.prod.website-files.com/6820c4f8d9b8934078f1ab08/682128ca201a0eea0f433a63_Oversized-T-Shirt-Mockup-.jpg,,$9.20,,standard-taxable,,,true,,,,,,,Size,M,Color,Yellow,,,Wed Apr 01 2020 01:55:58 GMT+0000 (Coordinated Universal Time),Fri May 30 2025 15:11:54 GMT+0000 (Coordinated Universal Time),Fri May 30 2025 15:11:54 GMT+0000 (Coordinated Universal Time)
6820c4f8d9b8934078f1ab06,6820c4f8d9b8934078f1ab9b,6820c4f8d9b8934078f1ab07,6839cab95a516e66defefa0c,burger-spicy,Oversized T-Shirt,Advanced,Lorem Ipsum is simply dummy text of the printing and typesetting industry.,Burgers,https://cdn.prod.website-files.com/6820c4f8d9b8934078f1ab08/682128ca201a0eea0f433a63_Oversized-T-Shirt-Mockup-.jpg,,$9.20,,standard-taxable,,,true,,,,,,,Size,S,Color,White,,,Wed Apr 01 2020 01:55:58 GMT+0000 (Coordinated Universal Time),Fri May 30 2025 15:11:54 GMT+0000 (Coordinated Universal Time),Fri May 30 2025 15:11:54 GMT+0000 (Coordinated Universal Time)
6820c4f8d9b8934078f1ab06,6820c4f8d9b8934078f1ab9b,6820c4f8d9b8934078f1ab07,6839cab9bd947efb5ddf7d12,burger-spicy,Oversized T-Shirt,Advanced,Lorem Ipsum is simply dummy text of the printing and typesetting industry.,Burgers,https://cdn.prod.website-files.com/6820c4f8d9b8934078f1ab08/682128ca201a0eea0f433a63_Oversized-T-Shirt-Mockup-.jpg,,$9.20,,standard-taxable,,,true,,,,,,,Size,L,Color,White,,,Wed Apr 01 2020 01:55:58 GMT+0000 (Coordinated Universal Time),Fri May 30 2025 15:11:54 GMT+0000 (Coordinated Universal Time),Fri May 30 2025 15:11:54 GMT+0000 (Coordinated Universal Time)
6820c4f8d9b8934078f1ab06,6820c4f8d9b8934078f1ab9b,6820c4f8d9b8934078f1ab07,6839cab9fc7ed8f121746370,burger-spicy,Oversized T-Shirt,Advanced,Lorem Ipsum is simply dummy text of the printing and typesetting industry.,Burgers,https://cdn.prod.website-files.com/6820c4f8d9b8934078f1ab08/682128ca201a0eea0f433a63_Oversized-T-Shirt-Mockup-.jpg,,$9.20,,standard-taxable,,,true,,,,,,,Size,M,Color,White,,,Wed Apr 01 2020 01:55:58 GMT+0000 (Coordinated Universal Time),Fri May 30 2025 15:11:54 GMT+0000 (Coordinated Universal Time),Fri May 30 2025 15:11:54 GMT+0000 (Coordinated Universal Time)
6820c4f8d9b8934078f1ab06,6820c4f8d9b8934078f1ab9b,6820c4f8d9b8934078f1ab07,6839cab9389dc6dec0c2e74c,burger-spicy,Oversized T-Shirt,Advanced,Lorem Ipsum is simply dummy text of the printing and typesetting industry.,Burgers,https://cdn.prod.website-files.com/6820c4f8d9b8934078f1ab08/682128ca201a0eea0f433a63_Oversized-T-Shirt-Mockup-.jpg,,$9.20,,standard-taxable,,,true,,,,,,,Size,L,Color,Pink,,,Wed Apr 01 2020 01:55:58 GMT+0000 (Coordinated Universal Time),Fri May 30 2025 15:11:54 GMT+0000 (Coordinated Universal Time),Fri May 30 2025 15:11:54 GMT+0000 (Coordinated Universal Time)
6820c4f8d9b8934078f1ab06,6820c4f8d9b8934078f1ab9b,6820c4f8d9b8934078f1ab07,6839cab9838632e243a73bfc,burger-spicy,Oversized T-Shirt,Advanced,Lorem Ipsum is simply dummy text of the printing and typesetting industry.,Burgers,https://cdn.prod.website-files.com/6820c4f8d9b8934078f1ab08/682128ca201a0eea0f433a63_Oversized-T-Shirt-Mockup-.jpg,,$9.20,,standard-taxable,,,true,,,,,,,Size,M,Color,Blue,,,Wed Apr 01 2020 01:55:58 GMT+0000 (Coordinated Universal Time),Fri May 30 2025 15:11:54 GMT+0000 (Coordinated Universal Time),Fri May 30 2025 15:11:54 GMT+0000 (Coordinated Universal Time)
6820c4f8d9b8934078f1ab06,6820c4f8d9b8934078f1ab9b,6820c4f8d9b8934078f1ab07,6839cab92c908c4cc88a1d81,burger-spicy,Oversized T-Shirt,Advanced,Lorem Ipsum is simply dummy text of the printing and typesetting industry.,Burgers,https://cdn.prod.website-files.com/6820c4f8d9b8934078f1ab08/682128ca201a0eea0f433a63_Oversized-T-Shirt-Mockup-.jpg,,$9.20,,standard-taxable,,,true,,,,,,,Size,L,Color,Blue,,,Wed Apr 01 2020 01:55:58 GMT+0000 (Coordinated Universal Time),Fri May 30 2025 15:11:54 GMT+0000 (Coordinated Universal Time),Fri May 30 2025 15:11:54 GMT+0000 (Coordinated Universal Time)
6820c4f8d9b8934078f1ab06,6820c4f8d9b8934078f1ab9b,6820c4f8d9b8934078f1ab07,6839cab976a9c6dfd7a1c662,burger-spicy,Oversized T-Shirt,Advanced,Lorem Ipsum is simply dummy text of the printing and typesetting industry.,Burgers,https://cdn.prod.website-files.com/6820c4f8d9b8934078f1ab08/682128ca201a0eea0f433a63_Oversized-T-Shirt-Mockup-.jpg,,$9.20,,standard-taxable,,,true,,,,,,,Size,S,Color,Yellow,,,Wed Apr 01 2020 01:55:58 GMT+0000 (Coordinated Universal Time),Fri May 30 2025 15:11:54 GMT+0000 (Coordinated Universal Time),Fri May 30 2025 15:11:54 GMT+0000 (Coordinated Universal Time)
6820c4f8d9b8934078f1ab06,6820c4f8d9b8934078f1ab9b,6820c4f8d9b8934078f1ab07,6839cab962bfcc6a8fe86d34,burger-spicy,Oversized T-Shirt,Advanced,Lorem Ipsum is simply dummy text of the printing and typesetting industry.,Burgers,https://cdn.prod.website-files.com/6820c4f8d9b8934078f1ab08/682128ca201a0eea0f433a63_Oversized-T-Shirt-Mockup-.jpg,,$9.20,,standard-taxable,,,true,,,,,,,Size,XS,Color,Blue,,,Wed Apr 01 2020 01:55:58 GMT+0000 (Coordinated Universal Time),Fri May 30 2025 15:11:54 GMT+0000 (Coordinated Universal Time),Fri May 30 2025 15:11:54 GMT+0000 (Coordinated Universal Time)
6820c4f8d9b8934078f1ab06,6820c4f8d9b8934078f1ab9b,6820c4f8d9b8934078f1ab07,6839cab916b5acbe845edd96,burger-spicy,Oversized T-Shirt,Advanced,Lorem Ipsum is simply dummy text of the printing and typesetting industry.,Burgers,https://cdn.prod.website-files.com/6820c4f8d9b8934078f1ab08/682128ca201a0eea0f433a63_Oversized-T-Shirt-Mockup-.jpg,,$9.20,,standard-taxable,,,true,,,,,,,Size,XS,Color,Pink,,,Wed Apr 01 2020 01:55:58 GMT+0000 (Coordinated Universal Time),Fri May 30 2025 15:11:54 GMT+0000 (Coordinated Universal Time),Fri May 30 2025 15:11:54 GMT+0000 (Coordinated Universal Time)
6820c4f8d9b8934078f1ab06,6820c4f8d9b8934078f1ab9b,6820c4f8d9b8934078f1ab07,6839cab97a1c62dbe3551b6c,burger-spicy,Oversized T-Shirt,Advanced,Lorem Ipsum is simply dummy text of the printing and typesetting industry.,Burgers,https://cdn.prod.website-files.com/6820c4f8d9b8934078f1ab08/682128ca201a0eea0f433a63_Oversized-T-Shirt-Mockup-.jpg,,$9.20,,standard-taxable,,,true,,,,,,,Size,M,Color,Pink,,,Wed Apr 01 2020 01:55:58 GMT+0000 (Coordinated Universal Time),Fri May 30 2025 15:11:54 GMT+0000 (Coordinated Universal Time),Fri May 30 2025 15:11:54 GMT+0000 (Coordinated Universal Time)
6820c4f8d9b8934078f1ab06,6820c4f8d9b8934078f1ab9b,6820c4f8d9b8934078f1ab07,6820c4f8d9b8934078f1abab,burger-spicy,Oversized T-Shirt,Advanced,Lorem Ipsum is simply dummy text of the printing and typesetting industry.,Burgers,https://cdn.prod.website-files.com/6820c4f8d9b8934078f1ab08/682128ca201a0eea0f433a63_Oversized-T-Shirt-Mockup-.jpg,,$9.20,,standard-taxable,,,true,,,,,,,Size,XS,Color,Yellow,,,Wed Apr 01 2020 01:55:58 GMT+0000 (Coordinated Universal Time),Fri May 30 2025 15:11:54 GMT+0000 (Coordinated Universal Time),Fri May 30 2025 15:11:54 GMT+0000 (Coordinated Universal Time)
6820c4f8d9b8934078f1ab06,6820c4f8d9b8934078f1aba3,6820c4f8d9b8934078f1ab07,6839cadb58ecb7b2c2e67fec,mug-mug,Mug,Advanced,Lorem Ipsum is simply dummy text of the printing and typesetting industry.,Burgers,https://cdn.prod.website-files.com/6820c4f8d9b8934078f1ab08/68212901e901b2d5953ab5c3_Front-Enamel-Mug-Mockup-1.jpg,,$8.00,,standard-taxable,,,true,,,,,,,Color,Black,,,,,Wed Apr 01 2020 01:27:32 GMT+0000 (Coordinated Universal Time),Fri May 30 2025 15:16:12 GMT+0000 (Coordinated Universal Time),Fri May 30 2025 15:25:37 GMT+0000 (Coordinated Universal Time)
6820c4f8d9b8934078f1ab06,6820c4f8d9b8934078f1aba3,6820c4f8d9b8934078f1ab07,6839cada80c7befe28e0003e,mug-mug,Mug,Advanced,Lorem Ipsum is simply dummy text of the printing and typesetting industry.,Burgers,https://cdn.prod.website-files.com/6820c4f8d9b8934078f1ab08/68212901e901b2d5953ab5c3_Front-Enamel-Mug-Mockup-1.jpg,,$8.00,,standard-taxable,,,true,,,,,,,Color,White,,,,,Wed Apr 01 2020 01:27:32 GMT+0000 (Coordinated Universal Time),Fri May 30 2025 15:16:12 GMT+0000 (Coordinated Universal Time),Fri May 30 2025 15:25:37 GMT+0000 (Coordinated Universal Time)
6820c4f8d9b8934078f1ab06,6820c4f8d9b8934078f1aba3,6820c4f8d9b8934078f1ab07,6839cadaa22776b7eb75100a,mug-mug,Mug,Advanced,Lorem Ipsum is simply dummy text of the printing and typesetting industry.,Burgers,https://cdn.prod.website-files.com/6820c4f8d9b8934078f1ab08/68212901e901b2d5953ab5c3_Front-Enamel-Mug-Mockup-1.jpg,,$8.00,,standard-taxable,,,true,,,,,,,Color,Dark Blue,,,,,Wed Apr 01 2020 01:27:32 GMT+0000 (Coordinated Universal Time),Fri May 30 2025 15:16:12 GMT+0000 (Coordinated Universal Time),Fri May 30 2025 15:25:37 GMT+0000 (Coordinated Universal Time)
6820c4f8d9b8934078f1ab06,6820c4f8d9b8934078f1aba3,6820c4f8d9b8934078f1ab07,6820c4f8d9b8934078f1abaf,mug-mug,Mug,Advanced,Lorem Ipsum is simply dummy text of the printing and typesetting industry.,Burgers,https://cdn.prod.website-files.com/6820c4f8d9b8934078f1ab08/68212901e901b2d5953ab5c3_Front-Enamel-Mug-Mockup-1.jpg,,$8.00,,standard-taxable,,,true,,,,,,,Color,Light Blue,,,,,Wed Apr 01 2020 01:27:32 GMT+0000 (Coordinated Universal Time),Fri May 30 2025 15:16:12 GMT+0000 (Coordinated Universal Time),Fri May 30 2025 15:25:37 GMT+0000 (Coordinated Universal Time)
